e1008	atom-split
e10100	field_simp
e10210	atom-split
e10243	atom-split
e10466	atom-split
e10902	field_simp
e11918	atom-split
e1293	atom-split
e12972	atom-split
e13633	atom-split
e13960	atom-split
e14362	atom-split
e14508	atom-split
e14540	atom-split
e1463	atom-split
e15253	atom-split
e15336	atom-split
e16767	atom-split
e1735	atom-split
e18759	atom-split
e19075	atom-split
e19413	atom-split
e20052	atom-split
e2017	field_simp
e20382	atom-split
e20965	atom-split
e2117	atom-split
e21180	field_simp
e21573	atom-split
e22005	atom-split
e23367	atom-split
e24025	atom-split
e24098	atom-split
e24171	atom-split
e25953	atom-split
e25994	field_simp
e260	atom-split
e27227	atom-split
e27268	field_simp
e27772	atom-split
e27778	field_simp
e27900	field_simp
e28354	atom-split
e28357	atom-split
e28539	atom-split
e28659	atom-split
e28830	atom-split
e2991	atom-split
e31079	atom-split
e31112	atom-split
e31557	field_simp
e31851	atom-split
e33076	atom-split
e33137	atom-split
e34129	atom-split
e34252	atom-split
e34581	atom-split
e35176	atom-split
e35232	atom-split
e35414	atom-split
e36320	atom-split
e36661	atom-split
e36916	atom-split
e37066	field_simp
e37702	atom-split
e37941	atom-split
e3802	field_simp
e381	field_simp
e3822	atom-split
e38688	atom-split
e39485	atom-split
e40533	atom-split
e40561	atom-split
e40668	atom-split
e40769	atom-split
e41792	atom-split
e42158	atom-split
e42192	atom-split
e42512	atom-split
e43406	atom-split
e43885	atom-split
e43894	atom-split
e44028	atom-split
e44399	field_simp
e44572	atom-split
e45329	field_simp
e45539	atom-split
e45856	field_simp
e45860	atom-split
e46398	atom-split
e46849	atom-split
e46880	atom-split
e4692	field_simp
e47132	atom-split
e47288	atom-split
e47304	atom-split
e47557	atom-split
e4767	field_simp
e48250	atom-split
e48372	atom-split
e48451	atom-split
e4846	atom-split
e48701	atom-split
e48741	atom-split
e49711	atom-split
e51281	atom-split
e52491	atom-split
e52788	field_simp
e5279	atom-split
e52843	field_simp
e53294	atom-split
e53930	atom-split
e54130	atom-split
e54334	atom-split
e55040	atom-split
e55427	atom-split
e55717	atom-split
e56005	atom-split
e56098	atom-split
e56535	atom-split
e56916	field_simp
e5732	atom-split
e59547	atom-split
e59993	atom-split
e60044	atom-split
e6026	field_simp
e6036	field_simp
e60423	atom-split
e60969	atom-split
e61042	atom-split
e61632	atom-split
e61859	field_simp
e61949	atom-split
e61972	atom-split
e62597	atom-split
e62905	field_simp
e63262	atom-split
e63868	field_simp
e64889	atom-split
e64932	field_simp
e65449	atom-split
e65489	atom-split
e65603	atom-split
e6601	atom-split
e6626	atom-split
e66547	atom-split
e66614	atom-split
e66761	atom-split
e68728	atom-split
e68832	atom-split
e69068	field_simp
e6954	atom-split
e69596	atom-split
e69798	atom-split
e70190	field_simp
e70482	atom-split
e71155	field_simp
e71178	atom-split
e71231	atom-split
e72549	field_simp
e72735	atom-split
e72941	atom-split
e73318	atom-split
e74020	atom-split
e7539	atom-split
e7885	atom-split
e7895	atom-split
e9076	atom-split
e9317	atom-split
e9448	atom-split
e9474	atom-split
e9681	atom-split
e9750	atom-split
m10103	field_simp
m1011	atom-split
m10246	atom-split
m10469	atom-split
m10905	field_simp
m1187	field_simp
m11921	atom-split
m1229	field_simp
m13012	field_simp
m13636	atom-split
m14365	atom-split
m14511	atom-split
m1466	atom-split
m1525	field_simp
m15339	atom-split
m1738	atom-split
m18726	field_simp
m18762	atom-split
m19078	atom-split
m19111	field_simp
m19416	atom-split
m1961	field_simp
m2020	field_simp
m20707	field_simp
m21183	field_simp
m21576	atom-split
m21745	field_simp
m23370	atom-split
m24028	atom-split
m24174	atom-split
m25956	atom-split
m263	atom-split
m27271	field_simp
m27781	field_simp
m28542	atom-split
m28833	atom-split
m31115	atom-split
m31560	field_simp
m33079	atom-split
m33140	atom-split
m34255	atom-split
m35179	atom-split
m35235	atom-split
m35417	atom-split
m35730	field_simp
m35949	field_simp
m37069	field_simp
m37705	atom-split
m3805	field_simp
m3825	atom-split
m38691	atom-split
m40536	atom-split
m40564	atom-split
m40671	atom-split
m40772	atom-split
m41867	field_simp
m42161	atom-split
m42515	atom-split
m42639	field_simp
m43409	atom-split
m43897	atom-split
m44031	atom-split
m45332	field_simp
m45859	field_simp
m46401	atom-split
m46531	field_simp
m46852	atom-split
m4695	field_simp
m47135	atom-split
m47307	atom-split
m4770	field_simp
m48253	atom-split
m48375	atom-split
m4849	atom-split
m48535	field_simp
m48744	atom-split
m49714	atom-split
m51284	atom-split
m52791	field_simp
m53821	field_simp
m54337	atom-split
m55043	atom-split
m55430	atom-split
m55720	atom-split
m55852	field_simp
m56101	atom-split
m56538	atom-split
m56919	field_simp
m58701	field_simp
m60047	atom-split
m6029	field_simp
m6039	field_simp
m60972	atom-split
m61635	atom-split
m61952	atom-split
m62726	field_simp
m62908	field_simp
m63265	atom-split
m63871	field_simp
m64935	field_simp
m65492	atom-split
m6604	atom-split
m6629	atom-split
m66550	atom-split
m66617	atom-split
m68601	field_simp
m68835	atom-split
m68910	field_simp
m69071	field_simp
m69599	atom-split
m69801	atom-split
m70155	field_simp
m70485	atom-split
m71158	field_simp
m71181	atom-split
m71234	atom-split
m71468	field_simp
m72552	field_simp
m72738	atom-split
m74023	atom-split
m7888	atom-split
m7898	atom-split
m9079	atom-split
m9320	atom-split
m9364	field_simp
m9684	atom-split
m9855	field_simp
